key,context,en,zh-Hans,zh-Hant,pa,ar,ko,vi,ja
title,Sheet title,Your eye drop schedule,您的眼药水使用时间表,你的眼藥水使用時間表,ਤੁਹਾਡੀਆਂ ਅੱਖਾਂ ਦੀਆਂ ਬੂੰਦਾਂ ਦੀ ਸਮਾਂ-ਸਾਰਣੀ,جدول قطرات العين الخاص بك,안약 사용 일정표,Lịch nhỏ thuốc mắt của bạn,目薬の使用スケジュール
patient,,Patient,患者,病人,ਮਰੀਜ਼,المريض,환자,Bệnh nhân,患者名
surgery,,Surgery,手术,手術,ਸਰਜਰੀ,العملية,수술,Phẫu thuật,手術
surgeryDate,,Surgery date,手术日期,手術日期,ਸਰਜਰੀ ਦੀ ਤਾਰੀਖ,تاريخ العملية,수술 날짜,Ngày phẫu thuật,手術日
startDate,,Start drops,开始用药,開始用藥,ਬੂੰਦਾਂ ਸ਼ੁਰੂ ਕਰੋ,بدء القطرات,안약 시작일,Bắt đầu nhỏ thuốc,点眼開始日
clinic,,Clinic phone,诊所电话,診所電話,ਕਲੀਨਿਕ ਦਾ ਫ਼ੋਨ,هاتف العيادة,병원 전화번호,Điện thoại phòng khám,病院の電話番号
R,,Right eye,右眼,右眼,ਸੱਜੀ ਅੱਖ,العين اليمنى,오른쪽 눈,Mắt phải,右目
L,,Left eye,左眼,左眼,ਖੱਬੀ ਅੱਖ,العين اليسرى,왼쪽 눈,Mắt trái,左目
surg.cataract,Surgery name,Cataract surgery,白内障手术,白內障手術,ਮੋਤੀਆਬਿੰਦ ਦੀ ਸਰਜਰੀ,عملية الماء الأبيض (الساد),백내장 수술,Phẫu thuật đục thủy tinh thể,白内障手術
surg.trab,Surgery name,Trabeculectomy (glaucoma surgery),小梁切除术（青光眼手术）,小樑切除術（青光眼手術）,ਟ੍ਰੈਬੇਕੁਲੈਕਟੋਮੀ (ਕਾਲੇ ਮੋਤੀਏ ਦੀ ਸਰਜਰੀ),عملية استئصال التربيق (جراحة الجلوكوما),섬유주절제술(녹내장 수술),Phẫu thuật cắt bè (phẫu thuật tăng nhãn áp),線維柱帯切除術（緑内障手術）
surg.ppv,Surgery name,Vitrectomy (retina surgery),玻璃体切除术（视网膜手术）,玻璃體切除術（視網膜手術）,ਵਿਟਰੈਕਟੋਮੀ (ਰੈਟਿਨਾ ਦੀ ਸਰਜਰੀ),عملية استئصال الزجاجية (جراحة الشبكية),유리체절제술(망막 수술),Phẫu thuật cắt dịch kính (phẫu thuật võng mạc),硝子体手術（網膜の手術）
surg.dmek,Surgery name,Corneal transplant (DMEK),角膜移植（DMEK）,角膜移植（DMEK）,ਕੌਰਨੀਆ ਟ੍ਰਾਂਸਪਲਾਂਟ (DMEK),زراعة القرنية (DMEK),각막 이식(DMEK),Ghép giác mạc (DMEK),角膜移植（DMEK）
surg.prk,Surgery name,PRK laser vision correction,PRK激光视力矫正,PRK激光矯視,PRK ਲੇਜ਼ਰ ਨਜ਼ਰ ਸੁਧਾਰ,تصحيح النظر بالليزر PRK,PRK 레이저 시력교정술,Phẫu thuật laser PRK,PRKレーザー視力矯正
surg.lasik,Surgery name,LASIK laser vision correction,LASIK激光视力矫正,LASIK激光矯視,LASIK ਲੇਜ਼ਰ ਨਜ਼ਰ ਸੁਧਾਰ,تصحيح النظر بالليزر LASIK,라식(LASIK) 레이저 시력교정술,Phẫu thuật laser LASIK,LASIKレーザー視力矯正
cls.antibiotic,Type of drop (short label),Antibiotic,抗生素,抗生素,ਐਂਟੀਬਾਇਓਟਿਕ,مضاد حيوي,항생제,Kháng sinh,抗菌薬
cls.steroid,Type of drop (short label),Steroid,类固醇,類固醇,ਸਟੀਰੌਇਡ,ستيرويد (كورتيزون),스테로이드,Steroid (corticoid),ステロイド
cls.nsaid,Type of drop (short label),Anti-inflammatory,消炎药,消炎藥,ਸੋਜ-ਰੋਧੀ ਦਵਾਈ,مضاد التهاب,소염제,Thuốc kháng viêm,抗炎症薬
cls.cyclo,Type of drop (short label),Dilating drop,散瞳药,放大瞳孔藥水,ਪੁਤਲੀ ਫੈਲਾਉਣ ਵਾਲੀ ਬੂੰਦ,قطرة موسّعة للحدقة,산동제(동공 확장 안약),Thuốc giãn đồng tử,散瞳薬（瞳を広げる目薬）
cls.lube,Type of drop (short label),Artificial tears,人工泪液,人工淚液,ਨਕਲੀ ਹੰਝੂ,دموع اصطناعية,인공눈물,Nước mắt nhân tạo,人工涙液
what.antibiotic,What the drop does,Prevents infection,预防感染,預防感染,ਇਨਫੈਕਸ਼ਨ ਤੋਂ ਬਚਾਉਂਦੀ ਹੈ,يمنع العدوى,감염을 예방합니다,Ngừa nhiễm trùng,感染を防ぎます
what.steroid,What the drop does,Reduces inflammation,减轻炎症,減輕發炎,ਸੋਜ ਘਟਾਉਂਦੀ ਹੈ,يخفف الالتهاب,염증을 줄입니다,Giảm viêm,炎症を抑えます
what.nsaid,What the drop does,Reduces swelling and pain,减轻肿胀和疼痛,減輕腫脹和痛楚,ਸੋਜ ਅਤੇ ਦਰਦ ਘਟਾਉਂਦੀ ਹੈ,يخفف التورم والألم,붓기와 통증을 줄입니다,Giảm sưng và đau,腫れと痛みを抑えます
what.cyclo,What the drop does,Relaxes the eye and eases pain,放松眼睛，缓解疼痛,放鬆眼睛，紓緩痛楚,ਅੱਖ ਨੂੰ ਆਰਾਮ ਦਿੰਦੀ ਹੈ ਅਤੇ ਦਰਦ ਘਟਾਉਂਦੀ ਹੈ,يريح العين ويخفف الألم,눈을 편하게 하고 통증을 줄입니다,"Giúp mắt thư giãn, giảm đau",目を休ませ、痛みを和らげます
what.lube,What the drop does,Soothes dryness,缓解眼干,紓緩眼乾,ਖੁਸ਼ਕੀ ਤੋਂ ਰਾਹਤ ਦਿੰਦੀ ਹੈ,يخفف الجفاف,건조함을 완화합니다,Giảm khô mắt,乾燥を和らげます
colDates,,Dates,日期,日期,ਤਾਰੀਖਾਂ,التواريخ,날짜,Ngày,期間
howT,,How to use your drops,如何滴眼药水,如何滴眼藥水,ਬੂੰਦਾਂ ਕਿਵੇਂ ਪਾਉਣੀਆਂ ਹਨ,كيفية استخدام القطرات,안약 넣는 방법,Cách nhỏ thuốc mắt,目薬のさし方
how.1,How-to step,Wash your hands.,洗手。,洗手。,ਆਪਣੇ ਹੱਥ ਧੋਵੋ।,اغسل يديك.,손을 씻으세요.,Rửa tay.,手を洗います。
how.2,How-to step,"If the drop is milky, shake the bottle first (marked ↻).",如果药水是乳白色的，使用前先摇匀（标有 ↻）。,如藥水呈奶白色，使用前先搖勻（標有 ↻）。,ਜੇ ਬੂੰਦ ਦੁੱਧ ਵਰਗੀ ਚਿੱਟੀ ਹੈ ਤਾਂ ਪਹਿਲਾਂ ਸ਼ੀਸ਼ੀ ਨੂੰ ਹਿਲਾਓ (↻ ਨਾਲ ਦਰਸਾਇਆ ਗਿਆ ਹੈ)।,إذا كانت القطرة بيضاء كالحليب، فرُجّ الزجاجة أولاً (مُشار إليها بالعلامة ↻).,안약이 우유처럼 뿌옇다면 먼저 병을 흔드세요(↻ 표시).,"Nếu thuốc có màu trắng đục như sữa, hãy lắc lọ trước (đánh dấu ↻).",目薬が白く濁っている場合は、先に容器をよく振ります（↻ の印）。
how.3,How-to step,"Tilt your head back, look up, and gently pull down your lower eyelid.",头向后仰，眼睛向上看，轻轻拉下下眼睑。,頭向後仰，眼向上望，輕輕拉下下眼瞼。,"ਸਿਰ ਪਿੱਛੇ ਝੁਕਾਓ, ਉੱਪਰ ਦੇਖੋ, ਅਤੇ ਹੇਠਲੀ ਪਲਕ ਨੂੰ ਹੌਲੀ ਜਿਹੀ ਹੇਠਾਂ ਖਿੱਚੋ।",أمِل رأسك إلى الخلف، وانظر إلى الأعلى، واسحب الجفن السفلي برفق إلى الأسفل.,고개를 뒤로 젖히고 위를 보면서 아래 눈꺼풀을 살짝 당기세요.,"Ngửa đầu ra sau, nhìn lên trên và nhẹ nhàng kéo mí mắt dưới xuống.",頭を後ろに傾けて上を見て、下まぶたを軽く引き下げます。
how.4,How-to step,Put in one drop. Do not let the bottle tip touch your eye or eyelashes.,滴入一滴。不要让瓶口碰到眼睛或睫毛。,滴入一滴。切勿讓瓶口觸及眼睛或眼睫毛。,ਇੱਕ ਬੂੰਦ ਪਾਓ। ਸ਼ੀਸ਼ੀ ਦੀ ਨੋਕ ਨੂੰ ਅੱਖ ਜਾਂ ਪਲਕਾਂ ਨਾਲ ਨਾ ਛੂਹਣ ਦਿਓ।,ضع قطرة واحدة. لا تدع طرف الزجاجة يلمس عينك أو رموشك.,한 방울 넣으세요. 병 끝이 눈이나 속눈썹에 닿지 않게 하세요.,Nhỏ một giọt. Không để đầu lọ chạm vào mắt hoặc lông mi.,1滴さします。容器の先が目やまつげに触れないようにしてください。
how.5,How-to step,"Close your eye gently. With one finger, gently press the inner corner of your eye, beside your nose (not on the eye itself), for 1 minute. This keeps the medicine in your eye. Do not rub or squeeze.",轻轻闭上眼睛。用一根手指轻轻按住眼睛内角靠近鼻子的地方（不要按在眼球上）1分钟。这样可以让药水留在眼睛里。不要揉眼或用力挤眼。,輕輕閉上眼睛。用一隻手指輕輕按住眼睛內角近鼻子的位置（不要按在眼球上）1分鐘。這樣可以讓藥水留在眼內。不要揉眼或用力擠眼。,"ਅੱਖ ਹੌਲੀ ਜਿਹੀ ਬੰਦ ਕਰੋ। ਇੱਕ ਉਂਗਲ ਨਾਲ ਅੱਖ ਦੇ ਅੰਦਰਲੇ ਕੋਨੇ, ਨੱਕ ਦੇ ਕੋਲ, 1 ਮਿੰਟ ਲਈ ਹੌਲੀ ਜਿਹੀ ਦਬਾਓ (ਅੱਖ ਦੀ ਗੋਲੀ ਉੱਤੇ ਨਹੀਂ)। ਇਸ ਨਾਲ ਦਵਾਈ ਅੱਖ ਵਿੱਚ ਰਹਿੰਦੀ ਹੈ। ਅੱਖ ਨੂੰ ਨਾ ਮਲੋ ਅਤੇ ਨਾ ਹੀ ਜ਼ੋਰ ਨਾਲ ਘੁੱਟੋ।",أغمض عينك برفق. اضغط بلطف بإصبع واحد على الزاوية الداخلية للعين بجانب الأنف (وليس على العين نفسها) لمدة دقيقة واحدة. هذا يُبقي الدواء داخل العين. لا تفرك عينك ولا تغمضها بقوة.,눈을 살며시 감으세요. 손가락 하나로 코 옆 눈 안쪽 구석을 1분 동안 살짝 눌러 주세요(눈알은 누르지 마세요). 그러면 약이 눈 안에 머뭅니다. 비비거나 세게 감지 마세요.,"Nhắm mắt nhẹ nhàng. Dùng một ngón tay ấn nhẹ vào góc trong của mắt, cạnh sống mũi (không ấn lên nhãn cầu), trong 1 phút. Việc này giúp thuốc ở lại trong mắt. Không dụi hoặc nhắm chặt mắt.",目をやさしく閉じてください。指1本で、鼻の横の目頭を1分間軽く押さえてください（目そのものは押さないでください）。薬が目にとどまります。こすったり、強くつぶったりしないでください。
how.6,How-to step,Wait 5 minutes before putting in a different drop.,等5分钟后再滴另一种眼药水。,等候5分鐘後才滴另一種眼藥水。,ਦੂਜੀ ਬੂੰਦ ਪਾਉਣ ਤੋਂ ਪਹਿਲਾਂ 5 ਮਿੰਟ ਉਡੀਕ ਕਰੋ।,انتظر 5 دقائق قبل وضع قطرة مختلفة.,다른 안약을 넣기 전에 5분 기다리세요.,Chờ 5 phút trước khi nhỏ loại thuốc khác.,別の目薬をさす前に5分間あけてください。
shake,,Shake well,使用前摇匀,使用前搖勻,ਚੰਗੀ ਤਰ੍ਹਾਂ ਹਿਲਾਓ,رُجّ جيداً,잘 흔드세요,Lắc đều,よく振る
warnT,Warning sign (call doctor / emergency),"Call your eye doctor right away, or go to Emergency, if you have:",如出现以下情况，请立即联系眼科医生或去急诊：,如出現以下情況，請立即聯絡眼科醫生或前往急症室：,ਜੇ ਤੁਹਾਨੂੰ ਇਹਨਾਂ ਵਿੱਚੋਂ ਕੁਝ ਹੋਵੇ ਤਾਂ ਤੁਰੰਤ ਆਪਣੇ ਅੱਖਾਂ ਦੇ ਡਾਕਟਰ ਨੂੰ ਫ਼ੋਨ ਕਰੋ ਜਾਂ ਐਮਰਜੈਂਸੀ ਵਿੱਚ ਜਾਓ:,اتصل بطبيب العيون فوراً، أو اذهب إلى الطوارئ، إذا كان لديك:,다음 증상이 있으면 즉시 안과 의사에게 연락하거나 응급실에 가세요:,"Hãy gọi ngay cho bác sĩ mắt, hoặc đến phòng cấp cứu, nếu bạn bị:",次の症状がある場合は、すぐに眼科に連絡するか救急外来を受診してください：
warn.1,Warning sign (call doctor / emergency),Pain that is getting worse,疼痛越来越严重,痛楚越來越嚴重,ਦਰਦ ਜੋ ਵਧ ਰਿਹਾ ਹੈ,ألم يزداد سوءاً,점점 심해지는 통증,Đau ngày càng nặng hơn,痛みがだんだん強くなる
warn.2,Warning sign (call doctor / emergency),Vision that is getting worse,视力越来越差,視力越來越差,ਨਜ਼ਰ ਜੋ ਖ਼ਰਾਬ ਹੋ ਰਹੀ ਹੈ,نظر يزداد سوءاً,점점 나빠지는 시력,Thị lực ngày càng kém đi,見え方がだんだん悪くなる
warn.3,Warning sign (call doctor / emergency),"More redness, swelling, or yellow/green discharge",眼睛更红、更肿，或有黄色/绿色分泌物,眼睛更紅、更腫，或有黃色／綠色分泌物,"ਵਧੇਰੇ ਲਾਲੀ, ਸੋਜ, ਜਾਂ ਪੀਲਾ/ਹਰਾ ਪਾਣੀ ਨਿਕਲਣਾ",احمرار أو تورم أكثر، أو إفرازات صفراء/خضراء,"더 심해지는 충혈, 붓기 또는 노란색/초록색 분비물","Mắt đỏ hơn, sưng hơn, hoặc có ghèn vàng/xanh",充血や腫れがひどくなる、または黄色・緑色の目やにが出る
warn.4,Warning sign (call doctor / emergency),Nausea or vomiting with eye pain,眼痛并伴有恶心或呕吐,眼痛並伴有噁心或嘔吐,ਅੱਖ ਦੇ ਦਰਦ ਨਾਲ ਜੀ ਕੱਚਾ ਹੋਣਾ ਜਾਂ ਉਲਟੀ ਆਉਣਾ,غثيان أو تقيؤ مع ألم في العين,눈 통증과 함께 메스꺼움이나 구토,Buồn nôn hoặc nôn kèm đau mắt,目の痛みとともに吐き気や嘔吐がある
ppvWarn,,"Flashes of light, many new floaters, or a shadow or curtain over your vision",看到闪光、突然出现很多飞蚊，或视野中有阴影或像帘子一样的遮挡,看見閃光、突然出現很多飛蚊，或視野中有陰影或像簾幕般的遮擋,"ਰੋਸ਼ਨੀ ਦੀਆਂ ਚਮਕਾਂ, ਬਹੁਤ ਸਾਰੇ ਨਵੇਂ ਤੈਰਦੇ ਧੱਬੇ, ਜਾਂ ਨਜ਼ਰ ਉੱਤੇ ਪਰਛਾਵਾਂ ਜਾਂ ਪਰਦਾ",ومضات ضوئية، أو ظهور الكثير من العوائم الجديدة، أو ظل أو ستارة تغطي الرؤية,"번쩍이는 빛, 갑자기 많아진 날파리증(비문증), 또는 시야를 가리는 그림자나 커튼","Thấy chớp sáng, xuất hiện nhiều đốm đen trôi mới, hoặc có bóng mờ hay màn che trước mắt",光が走って見える、新しい浮遊物（飛蚊症）が急に増えた、または視野に影やカーテンがかかったように見える
tipsT,,Special instructions,特别注意事项,特別注意事項,ਖ਼ਾਸ ਹਦਾਇਤਾਂ,تعليمات خاصة,특별 주의사항,Hướng dẫn đặc biệt,特別な注意事項
tips.cataract.1,Precaution after this surgery,Wear the eye shield when you sleep for the first week.,第一周睡觉时戴上眼罩。,首星期睡覺時戴上眼罩。,ਪਹਿਲੇ ਹਫ਼ਤੇ ਸੌਣ ਵੇਲੇ ਅੱਖ ਦੀ ਢਾਲ (ਸ਼ੀਲਡ) ਪਾਓ।,ضع واقي العين عند النوم خلال الأسبوع الأول.,첫 1주일 동안 잘 때 눈 보호대를 착용하세요.,Đeo tấm che mắt khi ngủ trong tuần đầu tiên.,最初の1週間は、寝るときに保護用の眼帯をつけてください。
tips.cataract.2,Precaution after this surgery,Do not rub or press on your eye.,不要揉眼睛或按压眼睛。,不要揉眼或按壓眼睛。,ਅੱਖ ਨੂੰ ਨਾ ਮਲੋ ਅਤੇ ਨਾ ਦਬਾਓ।,لا تفرك عينك ولا تضغط عليها.,눈을 비비거나 누르지 마세요.,Không dụi hoặc ấn vào mắt.,目をこすったり押したりしないでください。
tips.cataract.3,Precaution after this surgery,Avoid swimming and hot tubs for 2 weeks.,2周内避免游泳和泡热水浴。,兩星期內避免游泳及浸熱水池。,2 ਹਫ਼ਤਿਆਂ ਲਈ ਤੈਰਾਕੀ ਅਤੇ ਹੌਟ ਟੱਬ ਤੋਂ ਬਚੋ।,تجنّب السباحة وأحواض المياه الساخنة لمدة أسبوعين.,2주 동안 수영과 온탕을 피하세요.,Tránh bơi lội và bồn nước nóng trong 2 tuần.,2週間は水泳や温泉を避けてください。
tips.cataract.4,Precaution after this surgery,"Reading, walking and watching TV are fine.",可以阅读、散步和看电视。,可以閱讀、散步和看電視。,"ਪੜ੍ਹਨਾ, ਤੁਰਨਾ ਅਤੇ ਟੀਵੀ ਦੇਖਣਾ ਠੀਕ ਹੈ।",القراءة والمشي ومشاهدة التلفاز لا بأس بها.,"독서, 산책, TV 시청은 괜찮습니다.","Có thể đọc sách, đi bộ và xem TV.",読書、散歩、テレビは問題ありません。
tips.trab.1,Precaution after this surgery,Wear the eye shield when you sleep.,睡觉时戴上眼罩。,睡覺時戴上眼罩。,ਸੌਣ ਵੇਲੇ ਅੱਖ ਦੀ ਢਾਲ (ਸ਼ੀਲਡ) ਪਾਓ।,ضع واقي العين عند النوم.,잘 때 눈 보호대를 착용하세요.,Đeo tấm che mắt khi ngủ.,寝るときに保護用の眼帯をつけてください。
tips.trab.2,Precaution after this surgery,Do not rub or press on your eye.,不要揉眼睛或按压眼睛。,不要揉眼或按壓眼睛。,ਅੱਖ ਨੂੰ ਨਾ ਮਲੋ ਅਤੇ ਨਾ ਦਬਾਓ।,لا تفرك عينك ولا تضغط عليها.,눈을 비비거나 누르지 마세요.,Không dụi hoặc ấn vào mắt.,目をこすったり押したりしないでください。
tips.trab.3,Precaution after this surgery,"Avoid heavy lifting, bending over and hard exercise until your surgeon says it is OK.",在医生允许之前，避免提重物、弯腰和剧烈运动。,在醫生批准前，避免提重物、彎腰和劇烈運動。,"ਜਦੋਂ ਤੱਕ ਸਰਜਨ ਇਜਾਜ਼ਤ ਨਾ ਦੇਵੇ, ਭਾਰੀ ਚੀਜ਼ਾਂ ਚੁੱਕਣ, ਝੁਕਣ ਅਤੇ ਸਖ਼ਤ ਕਸਰਤ ਤੋਂ ਬਚੋ।",تجنّب رفع الأشياء الثقيلة والانحناء والتمارين الشاقة حتى يسمح لك الجرّاح.,"의사가 허락할 때까지 무거운 물건 들기, 허리 숙이기, 격한 운동을 피하세요.","Tránh nâng vật nặng, cúi người và tập thể dục gắng sức cho đến khi bác sĩ cho phép.",医師の許可が出るまで、重い物を持つこと、前かがみになること、激しい運動は避けてください。
tips.trab.4,Precaution after this surgery,Do not use your old glaucoma drops in the operated eye unless your surgeon tells you to.,除非医生要求，否则手术眼不要再使用以前的青光眼药水。,除非醫生指示，否則手術眼不要再用以前的青光眼藥水。,"ਜਦੋਂ ਤੱਕ ਸਰਜਨ ਨਾ ਕਹੇ, ਅਪਰੇਸ਼ਨ ਵਾਲੀ ਅੱਖ ਵਿੱਚ ਆਪਣੀਆਂ ਪੁਰਾਣੀਆਂ ਗਲੌਕੋਮਾ ਦੀਆਂ ਬੂੰਦਾਂ ਨਾ ਪਾਓ।",لا تستخدم قطرات الجلوكوما القديمة في العين التي أُجريت لها العملية إلا إذا طلب منك الجرّاح ذلك.,의사의 지시가 없으면 수술한 눈에 예전 녹내장 안약을 넣지 마세요.,"Không dùng thuốc nhỏ tăng nhãn áp cũ cho mắt đã mổ, trừ khi bác sĩ yêu cầu.",医師の指示がない限り、手術した目に以前の緑内障の目薬をささないでください。
tips.ppv.1,Precaution after this surgery,"If you have a gas bubble, keep your head in the position your surgeon told you.",如果眼内有气泡，请保持医生要求的头部姿势。,如眼內有氣泡，請保持醫生指示的頭部姿勢。,"ਜੇ ਅੱਖ ਵਿੱਚ ਗੈਸ ਦਾ ਬੁਲਬੁਲਾ ਹੈ, ਤਾਂ ਸਿਰ ਨੂੰ ਉਸੇ ਸਥਿਤੀ ਵਿੱਚ ਰੱਖੋ ਜੋ ਸਰਜਨ ਨੇ ਦੱਸੀ ਹੈ।",إذا كانت هناك فقاعة غاز في العين، فحافظ على وضعية الرأس التي أخبرك بها الجرّاح.,눈 안에 가스가 있다면 의사가 알려준 머리 자세를 유지하세요.,"Nếu có bóng khí trong mắt, hãy giữ tư thế đầu theo hướng dẫn của bác sĩ.",目の中にガスが入っている場合は、医師に指示された頭の姿勢を保ってください。
tips.ppv.2,Precaution after this surgery,"With a gas bubble, do not fly or travel to high altitudes. Tell any doctor who gives you anesthesia.",眼内有气泡时，不要坐飞机或去高海拔地区。如需麻醉，请告诉医生。,眼內有氣泡時，切勿乘搭飛機或前往高海拔地方。如需麻醉，請告知醫生。,ਗੈਸ ਦੇ ਬੁਲਬੁਲੇ ਨਾਲ ਹਵਾਈ ਜਹਾਜ਼ ਵਿੱਚ ਸਫ਼ਰ ਨਾ ਕਰੋ ਅਤੇ ਉੱਚੀਆਂ ਥਾਵਾਂ 'ਤੇ ਨਾ ਜਾਓ। ਬੇਹੋਸ਼ੀ ਦੇਣ ਵਾਲੇ ਕਿਸੇ ਵੀ ਡਾਕਟਰ ਨੂੰ ਦੱਸੋ।,مع وجود فقاعة غاز، لا تسافر بالطائرة ولا تذهب إلى المرتفعات. أخبر أي طبيب يعطيك التخدير.,가스가 있는 동안에는 비행기를 타거나 높은 곳에 가지 마세요. 마취를 하는 의사에게 꼭 알리세요.,"Khi có bóng khí, không đi máy bay hoặc lên vùng núi cao. Hãy báo cho bất kỳ bác sĩ nào gây mê cho bạn.",ガスが残っている間は、飛行機に乗ったり高地に行ったりしないでください。麻酔を受ける際は必ず医師に伝えてください。
tips.ppv.3,Precaution after this surgery,Wear the eye shield when you sleep.,睡觉时戴上眼罩。,睡覺時戴上眼罩。,ਸੌਣ ਵੇਲੇ ਅੱਖ ਦੀ ਢਾਲ (ਸ਼ੀਲਡ) ਪਾਓ।,ضع واقي العين عند النوم.,잘 때 눈 보호대를 착용하세요.,Đeo tấm che mắt khi ngủ.,寝るときに保護用の眼帯をつけてください。
tips.ppv.4,Precaution after this surgery,Do not rub or press on your eye.,不要揉眼睛或按压眼睛。,不要揉眼或按壓眼睛。,ਅੱਖ ਨੂੰ ਨਾ ਮਲੋ ਅਤੇ ਨਾ ਦਬਾਓ।,لا تفرك عينك ولا تضغط عليها.,눈을 비비거나 누르지 마세요.,Không dụi hoặc ấn vào mắt.,目をこすったり押したりしないでください。
tips.dmek.1,Precaution after this surgery,"In the first days, lie flat on your back, face up, as much as your surgeon told you.",术后头几天，按照医生的要求尽量平躺、脸朝上。,術後首幾天，按醫生指示盡量平躺、面向上。,"ਪਹਿਲੇ ਦਿਨਾਂ ਵਿੱਚ, ਸਰਜਨ ਦੇ ਦੱਸੇ ਅਨੁਸਾਰ ਪਿੱਠ ਦੇ ਭਾਰ ਸਿੱਧੇ ਲੇਟੋ, ਮੂੰਹ ਉੱਪਰ ਵੱਲ।",في الأيام الأولى، استلقِ على ظهرك ووجهك إلى الأعلى بقدر ما أخبرك الجرّاح.,처음 며칠 동안 의사가 알려준 만큼 얼굴을 위로 향하고 똑바로 누워 계세요.,"Trong những ngày đầu, nằm ngửa, mặt hướng lên trên, theo đúng hướng dẫn của bác sĩ.",最初の数日間は、医師の指示どおりに仰向けに寝て、顔を上に向けてください。
tips.dmek.2,Precaution after this surgery,Wear the eye shield when you sleep.,睡觉时戴上眼罩。,睡覺時戴上眼罩。,ਸੌਣ ਵੇਲੇ ਅੱਖ ਦੀ ਢਾਲ (ਸ਼ੀਲਡ) ਪਾਓ।,ضع واقي العين عند النوم.,잘 때 눈 보호대를 착용하세요.,Đeo tấm che mắt khi ngủ.,寝るときに保護用の眼帯をつけてください。
tips.dmek.3,Precaution after this surgery,Your steroid drop is long-term. Never stop it without asking your surgeon.,类固醇眼药水需要长期使用。未经医生同意，切勿停药。,類固醇眼藥水需要長期使用。未經醫生同意，切勿停藥。,ਸਟੀਰੌਇਡ ਬੂੰਦ ਲੰਬੇ ਸਮੇਂ ਲਈ ਹੈ। ਸਰਜਨ ਨੂੰ ਪੁੱਛੇ ਬਿਨਾਂ ਇਸਨੂੰ ਕਦੇ ਬੰਦ ਨਾ ਕਰੋ।,قطرة الستيرويد للاستخدام طويل الأمد. لا توقفها أبداً دون استشارة الجرّاح.,스테로이드 안약은 장기간 사용합니다. 의사와 상의 없이 절대 중단하지 마세요.,Thuốc steroid cần dùng lâu dài. Không bao giờ tự ngưng thuốc mà không hỏi bác sĩ.,ステロイドの目薬は長期間使います。医師に相談せずに絶対にやめないでください。
tips.dmek.4,Precaution after this surgery,"Sudden redness, light sensitivity or blurry vision can mean graft rejection. Call the same day.",如果突然眼红、怕光或视力模糊，可能是排斥反应。请当天联系医生。,如突然眼紅、畏光或視力模糊，可能是排斥反應，請即日聯絡醫生。,"ਅਚਾਨਕ ਲਾਲੀ, ਰੋਸ਼ਨੀ ਤੋਂ ਚੁਭਣ ਜਾਂ ਧੁੰਦਲੀ ਨਜ਼ਰ ਦਾ ਮਤਲਬ ਗ੍ਰਾਫਟ ਰੱਦ ਹੋਣਾ ਹੋ ਸਕਦਾ ਹੈ। ਉਸੇ ਦਿਨ ਫ਼ੋਨ ਕਰੋ।",الاحمرار المفاجئ أو الحساسية للضوء أو تشوّش الرؤية قد يعني رفض القرنية المزروعة. اتصل في نفس اليوم.,"갑작스러운 충혈, 눈부심 또는 흐린 시력은 이식 거부 반응일 수 있습니다. 당일에 연락하세요.","Mắt đỏ đột ngột, sợ ánh sáng hoặc nhìn mờ có thể là dấu hiệu thải ghép. Hãy gọi ngay trong ngày.",急な充血、まぶしさ、かすみ目は拒絶反応の可能性があります。その日のうちに連絡してください。
tips.prk.1,Precaution after this surgery,Do not take out the bandage contact lens. Your doctor will remove it.,不要自己取出绷带隐形眼镜，医生会为您取出。,不要自行除下繃帶隱形眼鏡，醫生會替你除下。,ਪੱਟੀ ਵਾਲਾ ਕਾਂਟੈਕਟ ਲੈਂਜ਼ ਨਾ ਕੱਢੋ। ਤੁਹਾਡਾ ਡਾਕਟਰ ਇਸਨੂੰ ਕੱਢੇਗਾ।,لا تُخرج العدسة اللاصقة العلاجية. سيزيلها طبيبك.,치료용 콘택트렌즈를 빼지 마세요. 의사가 빼 드립니다.,Không tự tháo kính áp tròng băng. Bác sĩ sẽ tháo cho bạn.,保護用コンタクトレンズを外さないでください。医師が外します。
tips.prk.2,Precaution after this surgery,"If the lens falls out, do not put it back. Call the clinic.",如果镜片掉出，不要再戴回去，请联系诊所。,如鏡片掉出，不要再戴回，請聯絡診所。,"ਜੇ ਲੈਂਜ਼ ਡਿੱਗ ਜਾਵੇ, ਤਾਂ ਇਸਨੂੰ ਵਾਪਸ ਨਾ ਪਾਓ। ਕਲੀਨਿਕ ਨੂੰ ਫ਼ੋਨ ਕਰੋ।",إذا سقطت العدسة، فلا تُعِدها إلى عينك. اتصل بالعيادة.,렌즈가 빠지면 다시 넣지 말고 병원에 연락하세요.,"Nếu kính bị rơi ra, không đeo lại. Hãy gọi phòng khám.",レンズが外れた場合は、戻さずに病院に連絡してください。
tips.prk.3,Precaution after this surgery,"Pain, tearing and light sensitivity are common for the first 3 days.",前3天出现疼痛、流泪和怕光是常见的。,首3天出現痛楚、流淚和畏光屬常見情況。,"ਪਹਿਲੇ 3 ਦਿਨ ਦਰਦ, ਪਾਣੀ ਵਗਣਾ ਅਤੇ ਰੋਸ਼ਨੀ ਤੋਂ ਚੁਭਣ ਆਮ ਹੈ।",الألم والدموع والحساسية للضوء أمور شائعة في الأيام الثلاثة الأولى.,"처음 3일 동안 통증, 눈물, 눈부심은 흔합니다.","Đau, chảy nước mắt và sợ ánh sáng thường gặp trong 3 ngày đầu.",最初の3日間は、痛み、涙、まぶしさがよく見られます。
tips.prk.4,Precaution after this surgery,Wear sunglasses outdoors.,外出时戴太阳镜。,外出時戴太陽眼鏡。,ਬਾਹਰ ਜਾਣ ਵੇਲੇ ਧੁੱਪ ਵਾਲੀਆਂ ਐਨਕਾਂ ਪਾਓ।,ارتدِ نظارة شمسية في الخارج.,외출할 때 선글라스를 쓰세요.,Đeo kính râm khi ra ngoài.,外出時はサングラスをかけてください。
tips.lasik.1,Precaution after this surgery,Do not rub your eyes for at least 1 week.,至少1周内不要揉眼睛。,最少1星期內不要揉眼。,ਘੱਟੋ-ਘੱਟ 1 ਹਫ਼ਤੇ ਲਈ ਅੱਖਾਂ ਨਾ ਮਲੋ।,لا تفرك عينيك لمدة أسبوع على الأقل.,최소 1주일 동안 눈을 비비지 마세요.,Không dụi mắt trong ít nhất 1 tuần.,少なくとも1週間は目をこすらないでください。
tips.lasik.2,Precaution after this surgery,Wear the eye shields when you sleep for the first week.,第一周睡觉时戴上眼罩。,首星期睡覺時戴上眼罩。,ਪਹਿਲੇ ਹਫ਼ਤੇ ਸੌਣ ਵੇਲੇ ਅੱਖਾਂ ਦੀਆਂ ਢਾਲਾਂ (ਸ਼ੀਲਡ) ਪਾਓ।,ضع واقيات العين عند النوم خلال الأسبوع الأول.,첫 1주일 동안 잘 때 눈 보호대를 착용하세요.,Đeo tấm che mắt khi ngủ trong tuần đầu tiên.,最初の1週間は、寝るときに保護用の眼帯をつけてください。
tips.lasik.3,Precaution after this surgery,Avoid swimming and hot tubs for 2 weeks.,2周内避免游泳和泡热水浴。,兩星期內避免游泳及浸熱水池。,2 ਹਫ਼ਤਿਆਂ ਲਈ ਤੈਰਾਕੀ ਅਤੇ ਹੌਟ ਟੱਬ ਤੋਂ ਬਚੋ।,تجنّب السباحة وأحواض المياه الساخنة لمدة أسبوعين.,2주 동안 수영과 온탕을 피하세요.,Tránh bơi lội và bồn nước nóng trong 2 tuần.,2週間は水泳や温泉を避けてください。
tips.lasik.4,Precaution after this surgery,Use artificial tears often if your eyes feel dry.,如果眼睛干，经常使用人工泪液。,如眼睛乾澀，可經常使用人工淚液。,ਜੇ ਅੱਖਾਂ ਖੁਸ਼ਕ ਮਹਿਸੂਸ ਹੋਣ ਤਾਂ ਅਕਸਰ ਨਕਲੀ ਹੰਝੂ ਵਰਤੋ।,استخدم الدموع الاصطناعية كثيراً إذا شعرت بجفاف عينيك.,눈이 건조하면 인공눈물을 자주 넣으세요.,Nhỏ nước mắt nhân tạo thường xuyên nếu mắt bị khô.,目が乾くときは、人工涙液をこまめに使ってください。
bring,,Bring this sheet and all your eye drops to every visit.,每次复诊时，请带上这张表和所有眼药水。,每次覆診時，請帶備此表及所有眼藥水。,ਹਰ ਮੁਲਾਕਾਤ 'ਤੇ ਇਹ ਸ਼ੀਟ ਅਤੇ ਆਪਣੀਆਂ ਸਾਰੀਆਂ ਅੱਖਾਂ ਦੀਆਂ ਬੂੰਦਾਂ ਨਾਲ ਲਿਆਓ।,أحضر هذه الورقة وجميع قطرات العين معك في كل زيارة.,병원에 올 때마다 이 종이와 모든 안약을 가져오세요.,Mang theo tờ giấy này và tất cả các lọ thuốc nhỏ mắt mỗi lần tái khám.,受診のたびに、この用紙とすべての目薬を持ってきてください。
footQ,,Questions? Call,有问题？请致电,如有疑問，請致電,ਕੋਈ ਸਵਾਲ? ਫ਼ੋਨ ਕਰੋ,لديك أسئلة؟ اتصل على,문의 전화,Có thắc mắc? Gọi,ご質問は
fq.n#other,"How often (#1 = once, #2 = twice, #few = 3–10, #other = any other number; keep {n})",{n} times a day,每天{n}次,每日{n}次,ਦਿਨ ਵਿੱਚ {n} ਵਾਰ,{n} مرات في اليوم,하루 {n}번,Ngày {n} lần,1日{n}回
fq.n#1,"How often (#1 = once, #2 = twice, #few = 3–10, #other = any other number; keep {n})",Once a day,,,,مرة واحدة في اليوم,,,
fq.q2h,"How often (#1 = once, #2 = twice, #few = 3–10, #other = any other number; keep {n})",Every 2 hours while awake,醒着时每2小时一次,清醒時每2小時一次,ਜਾਗਦੇ ਸਮੇਂ ਹਰ 2 ਘੰਟੇ ਬਾਅਦ,كل ساعتين أثناء الاستيقاظ,깨어 있는 동안 2시간마다,Mỗi 2 giờ khi thức,起きている間、2時間ごと
fq.q1h,"How often (#1 = once, #2 = twice, #few = 3–10, #other = any other number; keep {n})",Every hour while awake,醒着时每小时一次,清醒時每小時一次,ਜਾਗਦੇ ਸਮੇਂ ਹਰ ਘੰਟੇ,كل ساعة أثناء الاستيقاظ,깨어 있는 동안 1시간마다,Mỗi giờ khi thức,起きている間、1時間ごと
fq.prn,"How often (#1 = once, #2 = twice, #few = 3–10, #other = any other number; keep {n})",As needed,需要时使用,有需要時使用,ਲੋੜ ਪੈਣ 'ਤੇ,عند الحاجة,필요할 때,Khi cần,必要なときに
dur#other,Number of days (keep {n}),{n} days,{n}天,{n}日,{n} ਦਿਨ,{n} يوماً,{n}일간,{n} ngày,{n}日間
dur#1,Number of days (keep {n}),1 day,,,,يوم واحد,,,
glance,,Your drops at a glance,眼药水一览,眼藥水一覽,ਤੁਹਾਡੀਆਂ ਬੂੰਦਾਂ ਇੱਕ ਨਜ਼ਰ ਵਿੱਚ,لمحة سريعة عن قطراتك,안약 한눈에 보기,Tóm tắt các loại thuốc nhỏ,目薬のひと目でわかる表
whenT,,What to use and when,什么时间用哪种眼药水,甚麼時間用哪種眼藥水,ਕਿਹੜੀ ਬੂੰਦ ਕਦੋਂ ਪਾਉਣੀ ਹੈ,ماذا تستخدم ومتى,언제 어떤 안약을 넣나요,"Dùng thuốc nào, vào lúc nào",いつ、どの目薬を使うか
qrT,,Scan with your phone camera for reminders and spoken instructions,用手机相机扫描，获取用药提醒和语音说明,用手機相機掃描，取得用藥提示及語音說明,ਯਾਦ-ਦਹਾਨੀਆਂ ਅਤੇ ਬੋਲ ਕੇ ਸੁਣਾਈਆਂ ਹਦਾਇਤਾਂ ਲਈ ਆਪਣੇ ਫ਼ੋਨ ਦੇ ਕੈਮਰੇ ਨਾਲ ਸਕੈਨ ਕਰੋ,امسح الرمز بكاميرا هاتفك للحصول على التذكيرات والتعليمات الصوتية,휴대폰 카메라로 스캔하면 알림과 음성 안내를 받을 수 있습니다,Quét bằng camera điện thoại để nhận lời nhắc và nghe hướng dẫn,スマートフォンのカメラで読み取ると、リマインダーと音声での説明が使えます
today,,Today,今天,今日,ਅੱਜ,اليوم,오늘,Hôm nay,今日
dayOf#other,Day counter (keep {n} and {m}),Day {n} of {m},第{n}天，共{m}天,第{n}日，共{m}日,ਦਿਨ {n} (ਕੁੱਲ {m} ਵਿੱਚੋਂ),اليوم {n} من {m},{m}일 중 {n}일째,Ngày {n} / {m},{m}日中{n}日目
notStarted#other,Start date message (keep {n}),Your drops start on {n},您从{n}开始用药,你由{n}開始用藥,ਤੁਹਾਡੀਆਂ ਬੂੰਦਾਂ {n} ਨੂੰ ਸ਼ੁਰੂ ਹੋਣਗੀਆਂ,تبدأ قطراتك في {n},안약은 {n}에 시작합니다,Bạn bắt đầu nhỏ thuốc vào {n},点眼は{n}から始まります
finished,,You have finished all your drops. Keep your next appointment.,您已完成所有眼药水的使用。请按时复诊。,你已完成所有眼藥水療程。請按時覆診。,ਤੁਸੀਂ ਆਪਣੀਆਂ ਸਾਰੀਆਂ ਬੂੰਦਾਂ ਪੂਰੀਆਂ ਕਰ ਲਈਆਂ ਹਨ। ਆਪਣੀ ਅਗਲੀ ਮੁਲਾਕਾਤ 'ਤੇ ਜ਼ਰੂਰ ਜਾਓ।,لقد أنهيت جميع قطراتك. التزم بموعدك القادم.,모든 안약 사용을 마쳤습니다. 다음 진료 예약을 꼭 지키세요.,Bạn đã dùng xong tất cả thuốc nhỏ mắt. Hãy đến tái khám đúng hẹn.,すべての目薬が終わりました。次回の受診予約を守ってください。
next,,Next drops,下一次用药,下一次用藥,ਅਗਲੀਆਂ ਬੂੰਦਾਂ,القطرات التالية,다음 안약,Lần nhỏ thuốc tiếp theo,次の点眼
done,,Mark as done,标记为已完成,標記為已完成,ਹੋ ਗਿਆ ਵਜੋਂ ਨਿਸ਼ਾਨ ਲਗਾਓ,تحديد كمنجز,완료로 표시,Đánh dấu đã xong,完了にする
taken,,Done,已完成,已完成,ਹੋ ਗਿਆ,تم,완료,Đã xong,完了
remind,,Add reminders to my calendar,把提醒添加到我的日历,把提示加入我的日曆,ਮੇਰੇ ਕੈਲੰਡਰ ਵਿੱਚ ਯਾਦ-ਦਹਾਨੀਆਂ ਸ਼ਾਮਲ ਕਰੋ,أضف التذكيرات إلى تقويمي,내 캘린더에 알림 추가,Thêm lời nhắc vào lịch của tôi,カレンダーにリマインダーを追加
remindHelp,,Your phone will ask to add the events. A reminder rings at each drop time.,手机会询问是否添加这些日程。每到用药时间都会提醒您。,手機會詢問是否加入這些日程。每到用藥時間都會提示你。,ਤੁਹਾਡਾ ਫ਼ੋਨ ਇਹ ਸਮਾਗਮ ਸ਼ਾਮਲ ਕਰਨ ਲਈ ਪੁੱਛੇਗਾ। ਹਰ ਬੂੰਦ ਦੇ ਸਮੇਂ ਯਾਦ-ਦਹਾਨੀ ਵੱਜੇਗੀ।,سيطلب هاتفك إضافة المواعيد. سيرن التذكير في وقت كل قطرة.,휴대폰에서 일정 추가 여부를 묻습니다. 안약 시간마다 알림이 울립니다.,Điện thoại sẽ hỏi bạn có muốn thêm các sự kiện không. Lời nhắc sẽ reo vào mỗi giờ nhỏ thuốc.,スマートフォンに予定の追加を確認する画面が出ます。点眼の時刻ごとに通知が鳴ります。
listen,,Listen to instructions,收听使用说明,收聽使用說明,ਹਦਾਇਤਾਂ ਸੁਣੋ,استمع إلى التعليمات,사용 방법 듣기,Nghe hướng dẫn,説明を聞く
stop,,Stop,停止,停止,ਰੋਕੋ,إيقاف,중지,Dừng,停止
noVoice,,Spoken instructions are not available in this language on this phone yet.,这部手机暂时无法用这种语言朗读说明。,這部手機暫時未能以此語言朗讀說明。,ਇਸ ਫ਼ੋਨ 'ਤੇ ਅਜੇ ਇਸ ਭਾਸ਼ਾ ਵਿੱਚ ਬੋਲ ਕੇ ਹਦਾਇਤਾਂ ਉਪਲਬਧ ਨਹੀਂ ਹਨ।,التعليمات الصوتية غير متوفرة بهذه اللغة على هذا الهاتف حالياً.,이 휴대폰에서는 아직 이 언어로 음성 안내를 들을 수 없습니다.,Điện thoại này chưa hỗ trợ đọc hướng dẫn bằng ngôn ngữ này.,このスマートフォンでは、この言語の音声説明はまだ使えません。
install,,Tip: add this page to your home screen so it opens like an app.,提示：把此页面添加到主屏幕，就可以像应用一样打开。,提示：把此頁加到主畫面，就可以像應用程式一樣開啟。,ਸੁਝਾਅ: ਇਸ ਪੰਨੇ ਨੂੰ ਆਪਣੀ ਹੋਮ ਸਕ੍ਰੀਨ 'ਤੇ ਸ਼ਾਮਲ ਕਰੋ ਤਾਂ ਜੋ ਇਹ ਐਪ ਵਾਂਗ ਖੁੱਲ੍ਹੇ।,نصيحة: أضف هذه الصفحة إلى الشاشة الرئيسية لتفتح مثل التطبيق.,팁: 이 페이지를 홈 화면에 추가하면 앱처럼 열 수 있습니다.,Mẹo: thêm trang này vào màn hình chính để mở như một ứng dụng.,ヒント：このページをホーム画面に追加すると、アプリのように開けます。
invalid,,This link is incomplete. Please ask your clinic for a new QR code.,此链接不完整。请向诊所索取新的二维码。,此連結不完整。請向診所索取新的二維碼。,ਇਹ ਲਿੰਕ ਅਧੂਰਾ ਹੈ। ਕਿਰਪਾ ਕਰਕੇ ਆਪਣੇ ਕਲੀਨਿਕ ਤੋਂ ਨਵਾਂ QR ਕੋਡ ਮੰਗੋ।,هذا الرابط غير مكتمل. يرجى طلب رمز QR جديد من عيادتك.,이 링크는 완전하지 않습니다. 병원에 새 QR 코드를 요청하세요.,Liên kết này không đầy đủ. Vui lòng xin phòng khám mã QR mới.,このリンクは不完全です。病院で新しいQRコードをもらってください。
callClinic,,Call the clinic,致电诊所,致電診所,ਕਲੀਨਿਕ ਨੂੰ ਫ਼ੋਨ ਕਰੋ,اتصل بالعيادة,병원에 전화하기,Gọi phòng khám,病院に電話する
allToday,,Today's drops,今天的眼药水,今日的眼藥水,ਅੱਜ ਦੀਆਂ ਬੂੰਦਾਂ,قطرات اليوم,오늘의 안약,Thuốc nhỏ hôm nay,今日の目薬
B,,Both eyes,双眼,雙眼,ਦੋਵੇਂ ਅੱਖਾਂ,كلتا العينين,양쪽 눈,Cả hai mắt,両目
operated,,Operated eye,手术眼,手術眼,ਅਪਰੇਸ਼ਨ ਵਾਲੀ ਅੱਖ,العين التي أُجريت لها العملية,수술한 눈,Mắt được mổ,手術した目
usualT,,Your usual eye drops,您平时使用的眼药水,你平日使用的眼藥水,ਤੁਹਾਡੀਆਂ ਆਮ ਵਰਤੀਆਂ ਜਾਣ ਵਾਲੀਆਂ ਅੱਖਾਂ ਦੀਆਂ ਬੂੰਦਾਂ,قطرات العين التي تستخدمها عادةً,평소에 사용하던 안약,Thuốc nhỏ mắt bạn vẫn dùng hằng ngày,いつも使っている目薬
keepB,Instruction for the patient's usual drops,Keep using in both eyes,双眼继续使用,雙眼繼續使用,ਦੋਵੇਂ ਅੱਖਾਂ ਵਿੱਚ ਵਰਤਣਾ ਜਾਰੀ ਰੱਖੋ,استمر في استخدامها في كلتا العينين,양쪽 눈에 계속 사용하세요,Tiếp tục dùng cho cả hai mắt,両目に使い続けてください
keepR,Instruction for the patient's usual drops,Keep using in your right eye only,只在右眼继续使用,只在右眼繼續使用,ਸਿਰਫ਼ ਸੱਜੀ ਅੱਖ ਵਿੱਚ ਵਰਤਣਾ ਜਾਰੀ ਰੱਖੋ,استمر في استخدامها في العين اليمنى فقط,오른쪽 눈에만 계속 사용하세요,Chỉ tiếp tục dùng cho mắt phải,右目だけに使い続けてください
keepL,Instruction for the patient's usual drops,Keep using in your left eye only,只在左眼继续使用,只在左眼繼續使用,ਸਿਰਫ਼ ਖੱਬੀ ਅੱਖ ਵਿੱਚ ਵਰਤਣਾ ਜਾਰੀ ਰੱਖੋ,استمر في استخدامها في العين اليسرى فقط,왼쪽 눈에만 계속 사용하세요,Chỉ tiếp tục dùng cho mắt trái,左目だけに使い続けてください
stopAll,Instruction for the patient's usual drops,Stop using in both eyes,双眼都停止使用,雙眼都停止使用,ਦੋਵੇਂ ਅੱਖਾਂ ਵਿੱਚ ਵਰਤਣਾ ਬੰਦ ਕਰੋ,توقف عن استخدامها في كلتا العينين,양쪽 눈 모두 사용을 중단하세요,Ngưng dùng cho cả hai mắt,両目とも使用を中止してください
untilTold,,Until your doctor says to stop,直到医生让您停用,直至醫生指示停用,ਜਦੋਂ ਤੱਕ ਡਾਕਟਰ ਬੰਦ ਕਰਨ ਲਈ ਨਾ ਕਹੇ,حتى يطلب منك الطبيب التوقف,의사가 중단하라고 할 때까지,Cho đến khi bác sĩ bảo ngưng,医師が中止を指示するまで
issued,,Schedule issued,时间表发出日期,時間表發出日期,ਸਮਾਂ-ਸਾਰਣੀ ਜਾਰੀ ਕਰਨ ਦੀ ਤਾਰੀਖ,تاريخ إصدار الجدول,일정표 발행일,Ngày cấp lịch,スケジュール発行日
oldReminders,,"Your schedule has changed. Before adding new reminders, delete the old Dropwise reminders from your calendar.",您的用药时间表已更改。添加新提醒前，请先从日历中删除旧的 Dropwise 提醒。,你的用藥時間表已更改。加入新提示前，請先從日曆中刪除舊的 Dropwise 提示。,"ਤੁਹਾਡੀ ਸਮਾਂ-ਸਾਰਣੀ ਬਦਲ ਗਈ ਹੈ। ਨਵੀਆਂ ਯਾਦ-ਦਹਾਨੀਆਂ ਸ਼ਾਮਲ ਕਰਨ ਤੋਂ ਪਹਿਲਾਂ, ਆਪਣੇ ਕੈਲੰਡਰ ਵਿੱਚੋਂ ਪੁਰਾਣੀਆਂ Dropwise ਯਾਦ-ਦਹਾਨੀਆਂ ਮਿਟਾ ਦਿਓ।",تغيّر جدولك. قبل إضافة تذكيرات جديدة، احذف تذكيرات Dropwise القديمة من تقويمك.,일정이 변경되었습니다. 새 알림을 추가하기 전에 캘린더에서 이전 Dropwise 알림을 삭제하세요.,"Lịch của bạn đã thay đổi. Trước khi thêm lời nhắc mới, hãy xóa các lời nhắc Dropwise cũ khỏi lịch.",スケジュールが変更されました。新しいリマインダーを追加する前に、カレンダーから古い Dropwise のリマインダーを削除してください。
missed,,"If you miss a drop, use it as soon as you remember. Do not use two drops at once to catch up.",如果漏滴了一次，想起来后尽快补滴。不要一次滴两滴来补。,如漏滴一次，記起後盡快補滴。不要一次滴兩滴來補回。,"ਜੇ ਤੁਸੀਂ ਕੋਈ ਬੂੰਦ ਪਾਉਣੀ ਭੁੱਲ ਜਾਓ, ਤਾਂ ਯਾਦ ਆਉਂਦੇ ਹੀ ਪਾ ਲਓ। ਘਾਟ ਪੂਰੀ ਕਰਨ ਲਈ ਇੱਕੋ ਵਾਰ ਦੋ ਬੂੰਦਾਂ ਨਾ ਪਾਓ।",إذا فاتتك قطرة، فاستخدمها بمجرد أن تتذكر. لا تضع قطرتين معاً للتعويض.,안약 넣는 것을 잊었다면 생각나는 즉시 넣으세요. 두 번 분량을 한꺼번에 넣지 마세요.,"Nếu quên nhỏ một lần, hãy nhỏ ngay khi nhớ ra. Không nhỏ hai giọt cùng lúc để bù.",点眼を忘れたときは、気づいたときにすぐさしてください。2回分を一度にささないでください。
apptT,,Your follow-up appointments,您的复诊时间,你的覆診時間,ਤੁਹਾਡੀਆਂ ਅਗਲੀਆਂ ਮੁਲਾਕਾਤਾਂ,مواعيد المتابعة الخاصة بك,추적 진료 예약,Lịch tái khám của bạn,次回の受診予定
apptEvent,,Eye clinic appointment,眼科复诊,眼科覆診,ਅੱਖਾਂ ਦੇ ਕਲੀਨਿਕ ਵਿੱਚ ਮੁਲਾਕਾਤ,موعد في عيادة العيون,안과 진료 예약,Lịch khám mắt,眼科の受診
order,,Use in this order. Wait 5 minutes between drops.,按此顺序使用。每种眼药水之间间隔5分钟。,按此次序使用。每種眼藥水之間相隔5分鐘。,ਇਸ ਕ੍ਰਮ ਵਿੱਚ ਵਰਤੋ। ਬੂੰਦਾਂ ਵਿਚਕਾਰ 5 ਮਿੰਟ ਉਡੀਕ ਕਰੋ।,استخدمها بهذا الترتيب. انتظر 5 دقائق بين القطرات.,이 순서대로 사용하세요. 안약 사이에 5분 간격을 두세요.,Dùng theo thứ tự này. Chờ 5 phút giữa các loại thuốc.,この順番で使ってください。目薬の間は5分あけてください。
oint,,Ointment,眼膏,眼膏,ਮਲ੍ਹਮ,مرهم,안연고,Thuốc mỡ,眼軟膏
cls.combo,Type of drop (short label),Antibiotic + steroid,抗生素+类固醇,抗生素+類固醇,ਐਂਟੀਬਾਇਓਟਿਕ + ਸਟੀਰੌਇਡ,مضاد حيوي + ستيرويد,항생제 + 스테로이드,Kháng sinh + steroid,抗菌薬＋ステロイド
what.combo,What the drop does,Prevents infection and reduces inflammation,预防感染并减轻炎症,預防感染及減輕發炎,ਇਨਫੈਕਸ਼ਨ ਤੋਂ ਬਚਾਉਂਦੀ ਹੈ ਅਤੇ ਸੋਜ ਘਟਾਉਂਦੀ ਹੈ,يمنع العدوى ويخفف الالتهاب,감염을 예방하고 염증을 줄입니다,Ngừa nhiễm trùng và giảm viêm,感染を防ぎ、炎症を抑えます
cls.usual,Type of drop (short label),Your usual drop,您平时用的眼药水,你平日用的眼藥水,ਤੁਹਾਡੀ ਆਮ ਬੂੰਦ,قطرتك المعتادة,평소 사용하던 안약,Thuốc bạn vẫn dùng,いつもの目薬
what.usual,What the drop does,Your regular treatment,您的日常治疗,你的日常治療,ਤੁਹਾਡਾ ਨਿਯਮਤ ਇਲਾਜ,علاجك المعتاد,평소 치료,Điều trị thường ngày,いつもの治療
cls.other,Type of drop (short label),Eye drop,眼药水,眼藥水,ਅੱਖਾਂ ਦੀ ਬੂੰਦ,قطرة عين,안약,Thuốc nhỏ mắt,目薬
what.other,What the drop does,Use as your doctor told you,按医生指示使用,按醫生指示使用,ਡਾਕਟਰ ਦੀ ਹਦਾਇਤ ਅਨੁਸਾਰ ਵਰਤੋ,استخدمها حسب توجيهات الطبيب,의사의 지시대로 사용하세요,Dùng theo chỉ dẫn của bác sĩ,医師の指示どおりに使ってください
shapeKey,,"Each mark = one drop, one time. The colour matches the bottle cap.",每个标记 = 滴一次。颜色对应药瓶盖的颜色。,每個標記 = 滴一次。顏色對應藥瓶蓋的顏色。,ਹਰ ਨਿਸ਼ਾਨ = ਇੱਕ ਵਾਰ ਇੱਕ ਬੂੰਦ। ਰੰਗ ਸ਼ੀਸ਼ੀ ਦੇ ਢੱਕਣ ਨਾਲ ਮੇਲ ਖਾਂਦਾ ਹੈ।,كل علامة = قطرة واحدة مرة واحدة. اللون يطابق لون غطاء الزجاجة.,표시 하나 = 한 번에 한 방울. 색은 안약 병뚜껑 색과 같습니다.,"Mỗi ký hiệu = nhỏ một giọt, một lần. Màu sắc giống màu nắp lọ thuốc.",印1つ = 1回1滴。色は目薬のキャップの色と同じです。
largeText,,Larger text,大字体,大字體,ਵੱਡੇ ਅੱਖਰ,نص أكبر,큰 글씨,Chữ lớn hơn,大きな文字
share,,Send to a family member,发送给家人,傳送給家人,ਪਰਿਵਾਰ ਦੇ ਕਿਸੇ ਮੈਂਬਰ ਨੂੰ ਭੇਜੋ,أرسل إلى أحد أفراد العائلة,가족에게 보내기,Gửi cho người thân,家族に送る
shared,,Link copied. Paste it in a message to your family member.,链接已复制。请粘贴到信息中发送给家人。,連結已複製。請貼上到訊息中傳送給家人。,ਲਿੰਕ ਕਾਪੀ ਹੋ ਗਿਆ। ਇਸਨੂੰ ਸੁਨੇਹੇ ਵਿੱਚ ਪੇਸਟ ਕਰਕੇ ਆਪਣੇ ਪਰਿਵਾਰ ਦੇ ਮੈਂਬਰ ਨੂੰ ਭੇਜੋ।,تم نسخ الرابط. الصقه في رسالة إلى أحد أفراد عائلتك.,링크가 복사되었습니다. 메시지에 붙여넣어 가족에게 보내세요.,Đã sao chép liên kết. Dán vào tin nhắn để gửi cho người thân.,リンクをコピーしました。メッセージに貼り付けて家族に送ってください。
turnOver,,Turn over: how to use your drops and warning signs,请翻到背面：如何滴眼药水及危险信号,請翻到背面：如何滴眼藥水及警告徵狀,ਪੰਨਾ ਪਲਟੋ: ਬੂੰਦਾਂ ਕਿਵੇਂ ਪਾਉਣੀਆਂ ਹਨ ਅਤੇ ਖ਼ਤਰੇ ਦੀਆਂ ਨਿਸ਼ਾਨੀਆਂ,اقلب الصفحة: كيفية استخدام القطرات وعلامات الخطر,뒷면: 안약 넣는 방법과 위험 신호,Xem mặt sau: cách nhỏ thuốc và dấu hiệu nguy hiểm,裏面：目薬のさし方と危険なサイン
fq.hs,"How often (#1 = once, #2 = twice, #few = 3–10, #other = any other number; keep {n})",Once a day at bedtime,每天1次，睡前使用,每日1次，睡前使用,"ਦਿਨ ਵਿੱਚ 1 ਵਾਰ, ਸੌਣ ਤੋਂ ਪਹਿਲਾਂ",مرة واحدة في اليوم قبل النوم,"하루 1번, 자기 전에","Ngày 1 lần, trước khi ngủ",1日1回、寝る前に
dayN#other,Day counter (keep {n}),Day {n},第{n}天,第{n}日,ਦਿਨ {n},اليوم {n},{n}일째,Ngày {n},{n}日目
surg.custom,Surgery name,Eye surgery,眼科手术,眼科手術,ਅੱਖ ਦੀ ਸਰਜਰੀ,جراحة العين,눈 수술,Phẫu thuật mắt,目の手術
tips.custom.1,Precaution after this surgery,"Wear the eye shield when you sleep, for as long as your surgeon told you.",按医生要求的时间，睡觉时戴上眼罩。,按醫生指示的時間，睡覺時戴上眼罩。,"ਜਿੰਨੇ ਸਮੇਂ ਲਈ ਸਰਜਨ ਨੇ ਦੱਸਿਆ ਹੈ, ਸੌਣ ਵੇਲੇ ਅੱਖ ਦੀ ਢਾਲ (ਸ਼ੀਲਡ) ਪਾਓ।",ضع واقي العين عند النوم طوال المدة التي حددها لك الجرّاح.,의사가 알려준 기간 동안 잘 때 눈 보호대를 착용하세요.,Đeo tấm che mắt khi ngủ trong thời gian bác sĩ đã dặn.,医師に指示された期間、寝るときに保護用の眼帯をつけてください。
tips.custom.2,Precaution after this surgery,Do not rub or press on your eye.,不要揉眼睛或按压眼睛。,不要揉眼或按壓眼睛。,ਅੱਖ ਨੂੰ ਨਾ ਮਲੋ ਅਤੇ ਨਾ ਦਬਾਓ।,لا تفرك عينك ولا تضغط عليها.,눈을 비비거나 누르지 마세요.,Không dụi hoặc ấn vào mắt.,目をこすったり押したりしないでください。
tips.custom.3,Precaution after this surgery,Follow any other instructions your surgeon gave you.,请遵守医生给您的其他所有指示。,請遵從醫生給你的其他所有指示。,ਸਰਜਨ ਵੱਲੋਂ ਦਿੱਤੀਆਂ ਹੋਰ ਸਾਰੀਆਂ ਹਦਾਇਤਾਂ ਦੀ ਪਾਲਣਾ ਕਰੋ।,اتبع أي تعليمات أخرى أعطاك إياها الجرّاح.,의사가 알려준 다른 모든 지시를 따르세요.,Làm theo mọi hướng dẫn khác của bác sĩ phẫu thuật.,そのほか、医師からの指示があればそれに従ってください。
slot.morning,,Morning,早上,早上,ਸਵੇਰ,الصباح,아침,Buổi sáng,朝
slot.noon,,Noon,中午,中午,ਦੁਪਹਿਰ,الظهر,점심,Buổi trưa,昼
slot.evening,,Evening,傍晚,傍晚,ਸ਼ਾਮ,المساء,저녁,Buổi chiều tối,夕方
slot.bedtime,,Bedtime,睡前,睡前,ਸੌਣ ਵੇਲੇ,قبل النوم,자기 전,Trước khi ngủ,寝る前
cap.tan,,LIGHT BROWN cap,浅棕色瓶盖,淺啡色瓶蓋,ਹਲਕਾ ਭੂਰਾ ਢੱਕਣ,غطاء بني فاتح,연갈색 뚜껑,Nắp màu nâu nhạt,薄茶色のキャップ
cap.pink,,PINK cap,粉色瓶盖,粉紅色瓶蓋,ਗੁਲਾਬੀ ਢੱਕਣ,غطاء وردي,분홍색 뚜껑,Nắp màu hồng,ピンクのキャップ
cap.gray,,GREY cap,灰色瓶盖,灰色瓶蓋,ਸਲੇਟੀ ਢੱਕਣ,غطاء رمادي,회색 뚜껑,Nắp màu xám,灰色のキャップ
cap.red,,RED cap,红色瓶盖,紅色瓶蓋,ਲਾਲ ਢੱਕਣ,غطاء أحمر,빨간색 뚜껑,Nắp màu đỏ,赤のキャップ
cap.green,,GREEN cap,绿色瓶盖,綠色瓶蓋,ਹਰਾ ਢੱਕਣ,غطاء أخضر,초록색 뚜껑,Nắp màu xanh lá,緑のキャップ
cap.purple,,PURPLE cap,紫色瓶盖,紫色瓶蓋,ਜਾਮਨੀ ਢੱਕਣ,غطاء بنفسجي,보라색 뚜껑,Nắp màu tím,紫のキャップ
cap.yellow,,YELLOW cap,黄色瓶盖,黃色瓶蓋,ਪੀਲਾ ਢੱਕਣ,غطاء أصفر,노란색 뚜껑,Nắp màu vàng,黄色のキャップ
cap.teal,,BLUE-GREEN cap,蓝绿色瓶盖,藍綠色瓶蓋,ਨੀਲਾ-ਹਰਾ ਢੱਕਣ,غطاء أزرق مخضر,청록색 뚜껑,Nắp màu xanh ngọc,青緑のキャップ
cap.orange,,ORANGE cap,橙色瓶盖,橙色瓶蓋,ਸੰਤਰੀ ਢੱਕਣ,غطاء برتقالي,주황색 뚜껑,Nắp màu cam,オレンジのキャップ
cap.blue,,BLUE cap,蓝色瓶盖,藍色瓶蓋,ਨੀਲਾ ਢੱਕਣ,غطاء أزرق,파란색 뚜껑,Nắp màu xanh dương,青のキャップ
cap.white,,WHITE cap,白色瓶盖,白色瓶蓋,ਚਿੱਟਾ ਢੱਕਣ,غطاء أبيض,흰색 뚜껑,Nắp màu trắng,白のキャップ
cap.none,,Check the bottle label,请看药瓶标签,請看藥瓶標籤,ਸ਼ੀਸ਼ੀ ਦਾ ਲੇਬਲ ਦੇਖੋ,انظر إلى ملصق الزجاجة,병 라벨을 확인하세요,Xem nhãn trên lọ thuốc,容器のラベルを確認してください
lastDay#other,,Last day: {n},最后一天：{n},最後一日：{n},ਆਖਰੀ ਦਿਨ: {n},آخر يوم: {n},마지막 날: {n},Ngày cuối: {n},最終日：{n}
markKey,,● = use this drop at this time of day.,● = 在这个时间使用这种眼药水。,● = 在這個時間使用這種眼藥水。,● = ਦਿਨ ਦੇ ਇਸ ਸਮੇਂ ਇਹ ਬੂੰਦ ਪਾਓ।,● = استخدم هذه القطرة في هذا الوقت من اليوم.,● = 이 시간에 이 안약을 넣으세요.,● = Nhỏ thuốc này vào thời điểm này trong ngày.,● = この時間にこの目薬を使います。
capWarn,,Cap colours can differ between brands. Always check the drug name on the bottle label.,不同厂家的瓶盖颜色可能不同。请务必核对药瓶标签上的药名。,不同廠商的瓶蓋顏色可能不同。請務必核對藥瓶標籤上的藥名。,ਵੱਖ-ਵੱਖ ਕੰਪਨੀਆਂ ਦੇ ਢੱਕਣਾਂ ਦਾ ਰੰਗ ਵੱਖਰਾ ਹੋ ਸਕਦਾ ਹੈ। ਹਮੇਸ਼ਾ ਸ਼ੀਸ਼ੀ ਦੇ ਲੇਬਲ 'ਤੇ ਦਵਾਈ ਦਾ ਨਾਮ ਦੇਖੋ।,قد يختلف لون الغطاء من شركة إلى أخرى. تحقق دائماً من اسم الدواء على ملصق الزجاجة.,제조사마다 뚜껑 색이 다를 수 있습니다. 항상 병 라벨의 약 이름을 확인하세요.,Màu nắp có thể khác nhau tùy hãng sản xuất. Luôn kiểm tra tên thuốc trên nhãn lọ.,キャップの色はメーカーによって異なることがあります。必ず容器のラベルの薬の名前を確認してください。
alarmTitle,,Eye drops,眼药水,眼藥水,ਅੱਖਾਂ ਦੀਆਂ ਬੂੰਦਾਂ,قطرات العين,안약,Thuốc nhỏ mắt,目薬
openApp,,Open your drop schedule and listen to the instructions:,打开您的用药时间表并收听说明：,打開你的用藥時間表並收聽說明：,ਆਪਣੀ ਬੂੰਦਾਂ ਦੀ ਸਮਾਂ-ਸਾਰਣੀ ਖੋਲ੍ਹੋ ਅਤੇ ਹਦਾਇਤਾਂ ਸੁਣੋ:,افتح جدول قطراتك واستمع إلى التعليمات:,안약 일정표를 열고 안내를 들으세요:,Mở lịch nhỏ thuốc và nghe hướng dẫn:,目薬のスケジュールを開いて説明を聞いてください：
codeLabel,,Your Dropwise code,您的 Dropwise 代码,你的 Dropwise 代碼,ਤੁਹਾਡਾ Dropwise ਕੋਡ,رمز Dropwise الخاص بك,내 Dropwise 코드,Mã Dropwise của bạn,あなたの Dropwise コード
codeHelp,,Show this code at any eye clinic that uses Dropwise.,在任何使用 Dropwise 的眼科诊所出示此代码。,在任何使用 Dropwise 的眼科診所出示此代碼。,Dropwise ਵਰਤਣ ਵਾਲੇ ਕਿਸੇ ਵੀ ਅੱਖਾਂ ਦੇ ਕਲੀਨਿਕ ਵਿੱਚ ਇਹ ਕੋਡ ਦਿਖਾਓ।,أظهر هذا الرمز في أي عيادة عيون تستخدم Dropwise.,Dropwise를 사용하는 안과 어디에서나 이 코드를 보여 주세요.,Đưa mã này cho bất kỳ phòng khám mắt nào dùng Dropwise.,Dropwise を使っている眼科でこのコードを見せてください。
start,,Start these drops,开始滴药,開始滴藥,ਇਹ ਬੂੰਦਾਂ ਸ਼ੁਰੂ ਕਰੋ,ابدأ هذه القطرات,이 안약 시작하기,Bắt đầu nhỏ thuốc,点眼を始める
itsTime,,It's time for your eye drops,该滴眼药水了,是時候滴眼藥水了,ਅੱਖਾਂ ਦੀਆਂ ਬੂੰਦਾਂ ਪਾਉਣ ਦਾ ਸਮਾਂ ਹੋ ਗਿਆ ਹੈ,حان وقت قطرات العين,안약 넣을 시간입니다,Đã đến giờ nhỏ thuốc mắt,目薬の時間です
bottleN#other,,Bottle {n} of {m},第{n}瓶，共{m}瓶,第{n}瓶，共{m}瓶,{m} ਵਿੱਚੋਂ ਸ਼ੀਸ਼ੀ {n},الزجاجة {n} من {m},{m}개 중 {n}번째 병,Lọ {n} / {m},{m}本中{n}本目
nextIn,,Next bottle in,距离下一瓶还有,距離下一瓶還有,ਅਗਲੀ ਸ਼ੀਸ਼ੀ ਤੱਕ ਸਮਾਂ,الزجاجة التالية بعد,다음 병까지,Lọ tiếp theo sau,次の目薬まで
skipWait,,Skip the wait,跳过等待,跳過等候,ਉਡੀਕ ਛੱਡੋ,تخطَّ الانتظار,기다리지 않고 넘어가기,Bỏ qua thời gian chờ,待たずに次へ
doneNext,,"Done, next bottle",完成，下一瓶,完成，下一瓶,"ਹੋ ਗਿਆ, ਅਗਲੀ ਸ਼ੀਸ਼ੀ",تم، الزجاجة التالية,"완료, 다음 병","Xong, lọ tiếp theo",完了、次の目薬へ
allDone,,All done for this time.,这次的眼药水都滴完了。,這次的眼藥水都滴完了。,ਇਸ ਵਾਰ ਦੀਆਂ ਸਾਰੀਆਂ ਬੂੰਦਾਂ ਪੂਰੀਆਂ ਹੋ ਗਈਆਂ।,انتهيت من قطرات هذا الموعد.,이번 안약을 모두 넣었습니다.,Đã nhỏ xong lần này.,今回の目薬はすべて終わりました。
close,,Close,关闭,關閉,ਬੰਦ ਕਰੋ,إغلاق,닫기,Đóng,閉じる
sizeT,,Choose the text size that is easiest for you to read,请选择您最容易阅读的字体大小,請選擇你最容易閱讀的字體大小,ਉਹ ਅੱਖਰਾਂ ਦਾ ਆਕਾਰ ਚੁਣੋ ਜੋ ਤੁਹਾਡੇ ਲਈ ਪੜ੍ਹਨਾ ਸਭ ਤੋਂ ਸੌਖਾ ਹੈ,اختر حجم الخط الأسهل لك في القراءة,가장 읽기 편한 글자 크기를 고르세요,Chọn cỡ chữ dễ đọc nhất với bạn,いちばん読みやすい文字の大きさを選んでください
sizeN,,Normal,标准,標準,ਆਮ,عادي,보통,Bình thường,標準
sizeL,,Large,大,大,ਵੱਡਾ,كبير,크게,Lớn,大きい
sizeXL,,Extra large,特大,特大,ਬਹੁਤ ਵੱਡਾ,كبير جداً,아주 크게,Rất lớn,特大
textSize,,Text size,字体大小,字體大小,ਅੱਖਰਾਂ ਦਾ ਆਕਾਰ,حجم الخط,글자 크기,Cỡ chữ,文字の大きさ
progressT,,Your progress,您的进度,你的進度,ਤੁਹਾਡੀ ਪ੍ਰਗਤੀ,تقدّمك,진행 상황,Tiến độ của bạn,これまでの記録
progressKey,,Each square is one day. Green means all drops were done that day.,每个方格代表一天。绿色表示当天的眼药水都滴完了。,每個方格代表一日。綠色表示當日的眼藥水都滴完了。,ਹਰ ਖਾਨਾ ਇੱਕ ਦਿਨ ਹੈ। ਹਰਾ ਮਤਲਬ ਉਸ ਦਿਨ ਸਾਰੀਆਂ ਬੂੰਦਾਂ ਪਾਈਆਂ ਗਈਆਂ।,كل مربع يمثل يوماً واحداً. الأخضر يعني أنك استخدمت كل القطرات في ذلك اليوم.,네모 하나가 하루입니다. 초록색은 그날 안약을 모두 넣었다는 뜻입니다.,Mỗi ô là một ngày. Màu xanh lá nghĩa là đã nhỏ đủ thuốc trong ngày đó.,1マスが1日です。緑はその日の目薬をすべて使ったことを表します。
todayCount#other,,{n} of {m} done today,今天已完成 {n}/{m} 次,今日已完成 {n}/{m} 次,ਅੱਜ {m} ਵਿੱਚੋਂ {n} ਪੂਰੀਆਂ,تم {n} من {m} اليوم,오늘 {m}번 중 {n}번 완료,Hôm nay đã xong {n}/{m} lần,今日は{m}回中{n}回完了
callNamed,,Call {n},致电 {n},致電 {n},{n} ਨੂੰ ਫ਼ੋਨ ਕਰੋ,اتصل بـ {n},{n}에 전화하기,Gọi {n},{n}に電話する
cls.pga,Type of drop (short label),Glaucoma drop,青光眼药水,青光眼藥水,ਕਾਲੇ ਮੋਤੀਏ ਦੀ ਬੂੰਦ,قطرة للجلوكوما,녹내장 안약,Thuốc nhỏ tăng nhãn áp,緑内障の目薬
what.pga,What the drop does,Lowers the pressure in the eye,降低眼压,降低眼壓,ਅੱਖ ਦਾ ਦਬਾਅ ਘਟਾਉਂਦੀ ਹੈ,تخفض ضغط العين,안압을 낮춥니다,Làm giảm nhãn áp,眼圧を下げます
cls.bb,Type of drop (short label),Glaucoma drop,青光眼药水,青光眼藥水,ਕਾਲੇ ਮੋਤੀਏ ਦੀ ਬੂੰਦ,قطرة للجلوكوما,녹내장 안약,Thuốc nhỏ tăng nhãn áp,緑内障の目薬
what.bb,What the drop does,Lowers the pressure in the eye,降低眼压,降低眼壓,ਅੱਖ ਦਾ ਦਬਾਅ ਘਟਾਉਂਦੀ ਹੈ,تخفض ضغط العين,안압을 낮춥니다,Làm giảm nhãn áp,眼圧を下げます
cls.aa,Type of drop (short label),Glaucoma drop,青光眼药水,青光眼藥水,ਕਾਲੇ ਮੋਤੀਏ ਦੀ ਬੂੰਦ,قطرة للجلوكوما,녹내장 안약,Thuốc nhỏ tăng nhãn áp,緑内障の目薬
what.aa,What the drop does,Lowers the pressure in the eye,降低眼压,降低眼壓,ਅੱਖ ਦਾ ਦਬਾਅ ਘਟਾਉਂਦੀ ਹੈ,تخفض ضغط العين,안압을 낮춥니다,Làm giảm nhãn áp,眼圧を下げます
cls.cai,Type of drop (short label),Glaucoma drop,青光眼药水,青光眼藥水,ਕਾਲੇ ਮੋਤੀਏ ਦੀ ਬੂੰਦ,قطرة للجلوكوما,녹내장 안약,Thuốc nhỏ tăng nhãn áp,緑内障の目薬
what.cai,What the drop does,Lowers the pressure in the eye,降低眼压,降低眼壓,ਅੱਖ ਦਾ ਦਬਾਅ ਘਟਾਉਂਦੀ ਹੈ,تخفض ضغط العين,안압을 낮춥니다,Làm giảm nhãn áp,眼圧を下げます
cls.miotic,Type of drop (short label),Glaucoma drop,青光眼药水,青光眼藥水,ਕਾਲੇ ਮੋਤੀਏ ਦੀ ਬੂੰਦ,قطرة للجلوكوما,녹내장 안약,Thuốc nhỏ tăng nhãn áp,緑内障の目薬
what.miotic,What the drop does,Lowers the pressure in the eye,降低眼压,降低眼壓,ਅੱਖ ਦਾ ਦਬਾਅ ਘਟਾਉਂਦੀ ਹੈ,تخفض ضغط العين,안압을 낮춥니다,Làm giảm nhãn áp,眼圧を下げます
cls.rock,Type of drop (short label),Glaucoma drop,青光眼药水,青光眼藥水,ਕਾਲੇ ਮੋਤੀਏ ਦੀ ਬੂੰਦ,قطرة للجلوكوما,녹내장 안약,Thuốc nhỏ tăng nhãn áp,緑内障の目薬
what.rock,What the drop does,Lowers the pressure in the eye,降低眼压,降低眼壓,ਅੱਖ ਦਾ ਦਬਾਅ ਘਟਾਉਂਦੀ ਹੈ,تخفض ضغط العين,안압을 낮춥니다,Làm giảm nhãn áp,眼圧を下げます
cls.gcombo,Type of drop (short label),Glaucoma drop (2 medicines in 1),青光眼药水（二合一）,青光眼藥水（二合一）,ਕਾਲੇ ਮੋਤੀਏ ਦੀ ਬੂੰਦ (2 ਦਵਾਈਆਂ ਇੱਕ ਵਿੱਚ),قطرة للجلوكوما (دواءان في قطرة واحدة),녹내장 안약(2가지 약 복합),Thuốc nhỏ tăng nhãn áp (2 thuốc trong 1),緑内障の目薬（2種類の薬の配合）
what.gcombo,What the drop does,Lowers the pressure in the eye,降低眼压,降低眼壓,ਅੱਖ ਦਾ ਦਬਾਅ ਘਟਾਉਂਦੀ ਹੈ,تخفض ضغط العين,안압을 낮춥니다,Làm giảm nhãn áp,眼圧を下げます
se.pga,Possible side effects of this type of drop,"May make the eye red, make eyelashes grow longer, or slowly darken the coloured part of the eye or the eyelid skin.",可能会引起眼红、睫毛变长，或使虹膜（眼睛有颜色的部分）和眼睑皮肤慢慢变深。,可能會引致眼紅、眼睫毛變長，或令虹膜（眼睛有顏色的部分）及眼瞼皮膚慢慢變深。,"ਅੱਖ ਲਾਲ ਹੋ ਸਕਦੀ ਹੈ, ਪਲਕਾਂ ਦੇ ਵਾਲ ਲੰਬੇ ਹੋ ਸਕਦੇ ਹਨ, ਜਾਂ ਅੱਖ ਦਾ ਰੰਗਦਾਰ ਹਿੱਸਾ ਅਤੇ ਪਲਕ ਦੀ ਚਮੜੀ ਹੌਲੀ-ਹੌਲੀ ਗੂੜ੍ਹੀ ਹੋ ਸਕਦੀ ਹੈ।",قد تسبب احمرار العين، أو طول الرموش، أو تغميقاً تدريجياً للجزء الملوّن من العين أو لجلد الجفن.,"눈이 충혈되거나, 속눈썹이 길어지거나, 홍채(눈의 색깔 있는 부분)나 눈꺼풀 피부가 서서히 어두워질 수 있습니다.","Có thể làm đỏ mắt, làm lông mi dài ra, hoặc làm sẫm màu dần phần có màu của mắt hay da mí mắt.",目の充血、まつげが伸びる、黒目の色やまぶたの皮膚が少しずつ濃くなることがあります。
se.bb,Possible side effects of this type of drop,"Can slow the heartbeat or make breathing harder. Tell your doctor if you have asthma, lung disease or a slow heartbeat.",可能会使心跳变慢或呼吸困难。如果您有哮喘、肺病或心跳慢，请告诉医生。,可能會令心跳減慢或呼吸困難。如你有哮喘、肺病或心跳慢，請告訴醫生。,"ਦਿਲ ਦੀ ਧੜਕਣ ਹੌਲੀ ਹੋ ਸਕਦੀ ਹੈ ਜਾਂ ਸਾਹ ਲੈਣਾ ਔਖਾ ਹੋ ਸਕਦਾ ਹੈ। ਜੇ ਤੁਹਾਨੂੰ ਦਮਾ, ਫੇਫੜਿਆਂ ਦੀ ਬਿਮਾਰੀ ਜਾਂ ਹੌਲੀ ਧੜਕਣ ਹੈ ਤਾਂ ਡਾਕਟਰ ਨੂੰ ਦੱਸੋ।",قد تُبطئ ضربات القلب أو تجعل التنفس أصعب. أخبر طبيبك إذا كنت تعاني من الربو أو مرض في الرئة أو بطء في ضربات القلب.,"심장 박동이 느려지거나 숨쉬기가 어려워질 수 있습니다. 천식, 폐 질환이 있거나 맥박이 느리면 의사에게 알리세요.","Có thể làm tim đập chậm hoặc khó thở. Hãy báo bác sĩ nếu bạn bị hen suyễn, bệnh phổi hoặc nhịp tim chậm.",脈が遅くなったり、息苦しくなったりすることがあります。ぜんそく、肺の病気、脈が遅いなどがあれば医師に伝えてください。
se.aa,Possible side effects of this type of drop,"May cause tiredness, a dry mouth, or red, itchy eyes (an allergy). Tell your doctor if your eyes become red and itchy.",可能会引起疲倦、口干，或眼红发痒（过敏）。如果眼睛又红又痒，请告诉医生。,可能會引致疲倦、口乾，或眼紅痕癢（過敏）。如眼睛又紅又癢，請告訴醫生。,"ਥਕਾਵਟ, ਮੂੰਹ ਸੁੱਕਣਾ, ਜਾਂ ਅੱਖਾਂ ਲਾਲ ਅਤੇ ਖਾਰਸ਼ ਵਾਲੀਆਂ (ਐਲਰਜੀ) ਹੋ ਸਕਦੀਆਂ ਹਨ। ਜੇ ਅੱਖਾਂ ਲਾਲ ਅਤੇ ਖਾਰਸ਼ ਵਾਲੀਆਂ ਹੋ ਜਾਣ ਤਾਂ ਡਾਕਟਰ ਨੂੰ ਦੱਸੋ।",قد تسبب التعب أو جفاف الفم أو احمرار العين وحكتها (حساسية). أخبر طبيبك إذا أصبحت عيناك حمراوين وتسببان الحكة.,"피곤함, 입마름, 또는 눈이 빨개지고 가려운 증상(알레르기)이 생길 수 있습니다. 눈이 빨개지고 가려우면 의사에게 알리세요.","Có thể gây mệt mỏi, khô miệng, hoặc đỏ và ngứa mắt (dị ứng). Hãy báo bác sĩ nếu mắt bị đỏ và ngứa.",眠気やだるさ、口の渇き、目の赤みやかゆみ（アレルギー）が出ることがあります。目が赤くかゆくなったら医師に伝えてください。
se.cai,Possible side effects of this type of drop,"May sting for a moment, blur vision briefly, or leave a bitter taste.",可能会短暂刺痛、短时间视力模糊，或口中有苦味。,可能會短暫刺痛、短時間視力模糊，或口中有苦味。,"ਥੋੜ੍ਹੇ ਸਮੇਂ ਲਈ ਚੁਭਣ, ਧੁੰਦਲਾ ਦਿਖਣਾ, ਜਾਂ ਮੂੰਹ ਵਿੱਚ ਕੌੜਾ ਸੁਆਦ ਹੋ ਸਕਦਾ ਹੈ।",قد تسبب لسعة مؤقتة أو تشوشاً قصيراً في الرؤية أو طعماً مُرّاً في الفم.,"잠시 따끔하거나, 잠깐 흐려 보이거나, 입에서 쓴맛이 날 수 있습니다.","Có thể gây xót mắt trong chốc lát, nhìn mờ thoáng qua, hoặc để lại vị đắng trong miệng.",一時的にしみたり、少しの間かすんで見えたり、口に苦みを感じたりすることがあります。
se.miotic,Possible side effects of this type of drop,May make it harder to see in dim light or cause a headache around the brow. Take care when driving at night.,可能会使您在光线暗时看不清，或引起眉部头痛。夜间开车要小心。,可能會令你在光線暗時看不清，或引致眉骨附近頭痛。夜間駕駛要小心。,ਘੱਟ ਰੋਸ਼ਨੀ ਵਿੱਚ ਦੇਖਣਾ ਔਖਾ ਹੋ ਸਕਦਾ ਹੈ ਜਾਂ ਭਰਵੱਟਿਆਂ ਦੇ ਆਲੇ-ਦੁਆਲੇ ਸਿਰ ਦਰਦ ਹੋ ਸਕਦਾ ਹੈ। ਰਾਤ ਨੂੰ ਗੱਡੀ ਚਲਾਉਂਦੇ ਸਮੇਂ ਧਿਆਨ ਰੱਖੋ।,قد تجعل الرؤية في الضوء الخافت أصعب أو تسبب صداعاً حول الحاجب. كن حذراً عند القيادة ليلاً.,어두운 곳에서 잘 안 보이거나 눈썹 주변에 두통이 생길 수 있습니다. 밤에 운전할 때 조심하세요.,Có thể làm khó nhìn khi thiếu sáng hoặc gây đau đầu vùng chân mày. Cẩn thận khi lái xe ban đêm.,暗い所で見えにくくなったり、眉のあたりが痛んだりすることがあります。夜の運転には注意してください。
se.rock,Possible side effects of this type of drop,Often makes the eye look red. This is usually harmless.,常会使眼睛看起来发红，这通常无害。,常會令眼睛看起來發紅，這通常無害。,ਅਕਸਰ ਅੱਖ ਲਾਲ ਦਿਖਾਈ ਦਿੰਦੀ ਹੈ। ਇਹ ਆਮ ਤੌਰ 'ਤੇ ਨੁਕਸਾਨਦੇਹ ਨਹੀਂ ਹੁੰਦਾ।,غالباً ما تجعل العين تبدو حمراء، وهذا عادةً غير ضار.,눈이 자주 충혈되어 보일 수 있습니다. 보통 해롭지 않습니다.,Thường làm mắt trông đỏ. Điều này thường vô hại.,目が赤く見えることがよくありますが、通常は心配ありません。
cap.navy,,DARK BLUE cap,深蓝色瓶盖,深藍色瓶蓋,ਗੂੜ੍ਹਾ ਨੀਲਾ ਢੱਕਣ,غطاء أزرق داكن,남색 뚜껑,Nắp màu xanh đậm,紺色のキャップ
cap.lightgreen,,LIGHT GREEN cap,浅绿色瓶盖,淺綠色瓶蓋,ਹਲਕਾ ਹਰਾ ਢੱਕਣ,غطاء أخضر فاتح,연두색 뚜껑,Nắp màu xanh lá nhạt,薄緑のキャップ
gel,,Gel drop: use last,凝胶滴眼液：最后使用,凝膠滴眼液：最後使用,ਜੈੱਲ ਬੂੰਦ: ਸਭ ਤੋਂ ਅਖੀਰ ਵਿੱਚ ਵਰਤੋ,قطرة هلامية: استخدمها في الأخير,젤 안약: 마지막에 사용,Thuốc dạng gel: dùng sau cùng,ゲル状の目薬：最後に使用
surg.glaucoma,Surgery name,Glaucoma,青光眼,青光眼,ਕਾਲਾ ਮੋਤੀਆ (ਗਲੌਕੋਮਾ),الجلوكوما (الماء الأزرق),녹내장,Bệnh tăng nhãn áp (glôcôm),緑内障
gTitle,,Your glaucoma eye drops,您的青光眼药水,你的青光眼藥水,ਤੁਹਾਡੀਆਂ ਕਾਲੇ ਮੋਤੀਏ ਦੀਆਂ ਬੂੰਦਾਂ,قطرات الجلوكوما الخاصة بك,녹내장 안약 안내,Thuốc nhỏ tăng nhãn áp của bạn,緑内障の目薬
everyDay,,Every day,每天,每日,ਹਰ ਰੋਜ਼,كل يوم,매일,Mỗi ngày,毎日
gStatus,,"Use every day, even when your eyes feel fine.",即使眼睛感觉正常，也要每天使用。,即使眼睛感覺正常，也要每日使用。,"ਹਰ ਰੋਜ਼ ਵਰਤੋ, ਭਾਵੇਂ ਅੱਖਾਂ ਠੀਕ ਮਹਿਸੂਸ ਹੋਣ।",استخدمها كل يوم، حتى عندما تشعر بأن عينيك بخير.,눈이 괜찮게 느껴져도 매일 사용하세요.,"Dùng mỗi ngày, kể cả khi mắt cảm thấy bình thường.",目の調子がよくても、毎日使ってください。
gInfoT,,About each drop,每种眼药水的说明,每種眼藥水的說明,ਹਰ ਬੂੰਦ ਬਾਰੇ,معلومات عن كل قطرة,안약별 안내,Thông tin từng loại thuốc,それぞれの目薬について
sideT,,Possible side effects,可能的副作用,可能的副作用,ਸੰਭਾਵਿਤ ਮਾੜੇ ਪ੍ਰਭਾਵ,الآثار الجانبية المحتملة,나타날 수 있는 부작용,Tác dụng phụ có thể gặp,起こりうる副作用
condition,,Condition,病症,病症,ਬਿਮਾਰੀ,الحالة,질환,Bệnh,病名
treatEye,,Eye to treat,需要用药的眼睛,需要用藥的眼睛,ਇਲਾਜ ਵਾਲੀ ਅੱਖ,العين المعالَجة,치료할 눈,Mắt cần nhỏ thuốc,点眼する目
tips.glaucoma.1,Precaution after this surgery,Glaucoma drops only work if you use them every day. Do not stop unless your doctor tells you to.,青光眼药水只有每天使用才有效。除非医生让您停药，否则不要停用。,青光眼藥水要每日使用才有效。除非醫生指示停藥，否則不要停用。,"ਕਾਲੇ ਮੋਤੀਏ ਦੀਆਂ ਬੂੰਦਾਂ ਤਾਂ ਹੀ ਅਸਰ ਕਰਦੀਆਂ ਹਨ ਜੇ ਤੁਸੀਂ ਇਹਨਾਂ ਨੂੰ ਹਰ ਰੋਜ਼ ਵਰਤੋ। ਜਦੋਂ ਤੱਕ ਡਾਕਟਰ ਨਾ ਕਹੇ, ਬੰਦ ਨਾ ਕਰੋ।",قطرات الجلوكوما تعمل فقط إذا استخدمتها كل يوم. لا تتوقف عنها إلا إذا طلب منك الطبيب ذلك.,녹내장 안약은 매일 사용해야 효과가 있습니다. 의사가 중단하라고 하기 전에는 멈추지 마세요.,Thuốc nhỏ tăng nhãn áp chỉ có tác dụng khi dùng mỗi ngày. Không tự ngưng trừ khi bác sĩ bảo.,緑内障の目薬は毎日使ってはじめて効果があります。医師の指示がない限りやめないでください。
tips.glaucoma.2,Precaution after this surgery,Glaucoma often has no symptoms. Your drops protect your sight even if you notice no change.,青光眼通常没有症状。即使您没有感觉到变化，眼药水也在保护您的视力。,青光眼通常沒有病徵。即使你察覺不到變化，眼藥水也在保護你的視力。,"ਕਾਲੇ ਮੋਤੀਏ ਦੇ ਅਕਸਰ ਕੋਈ ਲੱਛਣ ਨਹੀਂ ਹੁੰਦੇ। ਭਾਵੇਂ ਤੁਹਾਨੂੰ ਕੋਈ ਫ਼ਰਕ ਮਹਿਸੂਸ ਨਾ ਹੋਵੇ, ਤੁਹਾਡੀਆਂ ਬੂੰਦਾਂ ਤੁਹਾਡੀ ਨਜ਼ਰ ਦੀ ਰੱਖਿਆ ਕਰਦੀਆਂ ਹਨ।",غالباً لا تسبب الجلوكوما أي أعراض. قطراتك تحمي بصرك حتى لو لم تلاحظ أي تغيير.,녹내장은 증상이 없는 경우가 많습니다. 변화를 느끼지 못해도 안약이 시력을 지켜 줍니다.,Bệnh tăng nhãn áp thường không có triệu chứng. Thuốc vẫn đang bảo vệ thị lực của bạn dù bạn không thấy thay đổi gì.,緑内障は自覚症状がないことが多い病気です。変化を感じなくても、目薬があなたの視力を守っています。
tips.glaucoma.3,Precaution after this surgery,Order a refill before your bottle runs out.,在药水用完之前提前续药。,在藥水用完之前預早補藥。,ਸ਼ੀਸ਼ੀ ਖ਼ਤਮ ਹੋਣ ਤੋਂ ਪਹਿਲਾਂ ਦਵਾਈ ਦੁਬਾਰਾ ਮੰਗਵਾ ਲਓ।,اطلب عبوة جديدة قبل أن تنفد الزجاجة.,약이 떨어지기 전에 미리 다시 처방받으세요.,Mua thêm thuốc trước khi lọ thuốc hết.,目薬がなくなる前に、早めに処方を受けてください。
tips.glaucoma.4,Precaution after this surgery,Tell every doctor and pharmacist that you use glaucoma drops.,告诉每一位医生和药剂师您在使用青光眼药水。,告訴每一位醫生和藥劑師你正在使用青光眼藥水。,ਹਰ ਡਾਕਟਰ ਅਤੇ ਫਾਰਮਾਸਿਸਟ ਨੂੰ ਦੱਸੋ ਕਿ ਤੁਸੀਂ ਕਾਲੇ ਮੋਤੀਏ ਦੀਆਂ ਬੂੰਦਾਂ ਵਰਤਦੇ ਹੋ।,أخبر كل طبيب وصيدلي بأنك تستخدم قطرات الجلوكوما.,모든 의사와 약사에게 녹내장 안약을 사용 중이라고 알리세요.,Hãy cho mọi bác sĩ và dược sĩ biết bạn đang dùng thuốc nhỏ tăng nhãn áp.,どの医師や薬剤師にも、緑内障の目薬を使っていることを伝えてください。
warnG.1,Warning sign (call doctor / emergency),"Sudden eye pain or redness with blurred vision, rainbow halos around lights, headache or nausea",突然眼痛或眼红，并伴有视力模糊、看灯光有彩虹圈、头痛或恶心,突然眼痛或眼紅，並伴有視力模糊、看燈光有彩虹光環、頭痛或噁心,"ਅਚਾਨਕ ਅੱਖ ਵਿੱਚ ਦਰਦ ਜਾਂ ਲਾਲੀ, ਨਾਲ ਹੀ ਧੁੰਦਲਾ ਦਿਖਣਾ, ਰੋਸ਼ਨੀਆਂ ਦੁਆਲੇ ਸਤਰੰਗੀ ਘੇਰੇ, ਸਿਰ ਦਰਦ ਜਾਂ ਜੀ ਕੱਚਾ ਹੋਣਾ",ألم أو احمرار مفاجئ في العين مع تشوش الرؤية أو هالات ملونة حول الأضواء أو صداع أو غثيان,"갑작스러운 눈 통증이나 충혈과 함께 시야가 흐려지거나, 불빛 주위에 무지개 같은 테가 보이거나, 두통 또는 메스꺼움","Đau mắt hoặc đỏ mắt đột ngột kèm nhìn mờ, thấy quầng sáng nhiều màu quanh đèn, đau đầu hoặc buồn nôn",突然の目の痛みや充血に加え、かすみ目、光の周りに虹のような輪が見える、頭痛、吐き気がある
warnG.2,Warning sign (call doctor / emergency),"Swelling of the eyelids or face, a rash, or trouble breathing after using a drop",使用眼药水后眼睑或面部肿胀、出疹或呼吸困难,使用眼藥水後眼瞼或面部腫脹、出疹或呼吸困難,"ਬੂੰਦ ਪਾਉਣ ਤੋਂ ਬਾਅਦ ਪਲਕਾਂ ਜਾਂ ਚਿਹਰੇ 'ਤੇ ਸੋਜ, ਧੱਫੜ, ਜਾਂ ਸਾਹ ਲੈਣ ਵਿੱਚ ਤਕਲੀਫ਼",تورم الجفون أو الوجه، أو طفح جلدي، أو صعوبة في التنفس بعد استخدام القطرة,"안약을 넣은 뒤 눈꺼풀이나 얼굴이 붓거나, 발진이 생기거나, 숨쉬기가 어려움","Sưng mí mắt hoặc mặt, nổi mẩn, hoặc khó thở sau khi nhỏ thuốc",目薬を使った後に、まぶたや顔の腫れ、発疹、息苦しさがある
warnG.3,Warning sign (call doctor / emergency),Sudden loss of vision or a curtain over your vision,突然失明或视野中出现像帘子一样的遮挡,突然失明或視野中出現像簾幕般的遮擋,ਅਚਾਨਕ ਨਜ਼ਰ ਚਲੀ ਜਾਣਾ ਜਾਂ ਨਜ਼ਰ ਉੱਤੇ ਪਰਦਾ,فقدان مفاجئ للبصر أو ستارة تغطي الرؤية,갑자기 시력을 잃거나 시야를 가리는 커튼 같은 것이 보임,Đột ngột mất thị lực hoặc có màn che trước mắt,急に見えなくなる、または視野にカーテンがかかったように見える
fq.n#2,"How often (#1 = once, #2 = twice, #few = 3–10, #other = any other number; keep {n})",,,,,مرتان في اليوم,,,
dur#2,Number of days (keep {n}),,,,,يومان,,,
dur#few,Number of days (keep {n}),,,,,{n} أيام,,,
